<?xml version="1.0" encoding="UTF-8"?>
<project-private xmlns="http://www.netbeans.org/ns/project-private/1">
    <editor-bookmarks xmlns="http://www.netbeans.org/ns/editor-bookmarks/2" lastBookmarkId="0"/>
    <open-files xmlns="http://www.netbeans.org/ns/projectui-open-files/2">
        <group>
            <file>file:/E:/Project/JavaAptech/MyApplication2/src/controller/StudentController.java</file>
            <file>file:/E:/Project/JavaAptech/MyApplication2/src/view/MainThread.java</file>
            <file>file:/E:/Project/JavaAptech/MyApplication2/src/model/StudentModel.java</file>
            <file>file:/E:/Project/JavaAptech/MyApplication2/src/entity/Student.java</file>
        </group>
    </open-files>
</project-private>
