<?xml version="1.0" encoding="UTF-8"?>
<project-private xmlns="http://www.netbeans.org/ns/project-private/1">
    <editor-bookmarks xmlns="http://www.netbeans.org/ns/editor-bookmarks/2" lastBookmarkId="0"/>
    <open-files xmlns="http://www.netbeans.org/ns/projectui-open-files/2">
        <group>
            <file>file:/E:/Project/JavaAptech/JavaApplication17/src/again/reflection/Customer.java</file>
            <file>file:/E:/Project/JavaAptech/JavaApplication17/src/javaapplication17/DepositThread.java</file>
            <file>file:/E:/Project/JavaAptech/JavaApplication17/src/again/reflection/AutoGenerate.java</file>
            <file>file:/E:/Project/JavaAptech/JavaApplication17/src/javaapplication17/JavaApplication17.java</file>
            <file>file:/E:/Project/JavaAptech/JavaApplication17/src/again/reflection/Model.java</file>
            <file>file:/E:/Project/JavaAptech/JavaApplication17/src/javaapplication17/WithdrawThread.java</file>
            <file>file:/E:/Project/JavaAptech/JavaApplication17/src/again/reflection/Student.java</file>
            <file>file:/E:/Project/JavaAptech/JavaApplication17/src/again/reflection/MyId.java</file>
            <file>file:/E:/Project/JavaAptech/JavaApplication17/src/javaapplication17/Account.java</file>
        </group>
    </open-files>
</project-private>
